gene	group	id	start	end	molecule	type	direction	base	lineage	print_lineage	fudge	min_score	max_trs_gap
hsp65	hsp65	431_C	528787	528787	nt	snp	Forward	C	431_C	False	0	0	0
hsp65	hsp65	431_G	528787	528787	nt	snp	Forward	G	431_G	False	0	0	0
hsp65	hsp65	434_C	528790	528790	nt	snp	Forward	C	434_C	False	0	0	0
hsp65	hsp65	434_G	528790	528790	nt	snp	Forward	G	434_G	False	0	0	0
hsp65	hsp65	440_C	528796	528796	nt	snp	Forward	C	440_C	False	0	0	0
hsp65	hsp65	440_T	528796	528796	nt	snp	Forward	T	440_T	False	0	0	0
hsp65	hsp65	443_C	528799	528799	nt	snp	Forward	C	443_C	False	0	0	0
hsp65	hsp65	443_G	528799	528799	nt	snp	Forward	G	443_G	False	0	0	0
hsp65	hsp65	458_T	528814	528814	nt	snp	Forward	T	458_T	False	0	0	0
hsp65	hsp65	458_C	528814	528814	nt	snp	Forward	C	458_C	False	0	0	0
hsp65	hsp65	461_T	528817	528817	nt	snp	Forward	T	461_T	False	0	0	0
hsp65	hsp65	461_C	528817	528817	nt	snp	Forward	C	461_C	False	0	0	0
hsp65	hsp65	467_C	528823	528823	nt	snp	Forward	C	467_C	False	0	0	0
hsp65	hsp65	467_G	528823	528823	nt	snp	Forward	G	467_G	False	0	0	0
hsp65	hsp65	473_G	528829	528829	nt	snp	Forward	G	473_G	False	0	0	0
hsp65	hsp65	473_A	528829	528829	nt	snp	Forward	A	473_A	False	0	0	0
hsp65	hsp65	476_A	528832	528832	nt	snp	Forward	A	476_A	False	0	0	0
hsp65	hsp65	476_G	528832	528832	nt	snp	Forward	G	476_G	False	0	0	0
hsp65	hsp65	479_T	528835	528835	nt	snp	Forward	T	479_T	False	0	0	0
hsp65	hsp65	479_C	528835	528835	nt	snp	Forward	C	479_C	False	0	0	0
hsp65	hsp65	479_A	528835	528835	nt	snp	Forward	A	479_A	False	0	0	0
hsp65	hsp65	491_T	528847	528847	nt	snp	Forward	T	491_T	False	0	0	0
hsp65	hsp65	491_G	528847	528847	nt	snp	Forward	G	491_G	False	0	0	0
hsp65	hsp65	491_C	528847	528847	nt	snp	Forward	C	491_C	False	0	0	0
hsp65	hsp65	494_C	528850	528850	nt	snp	Forward	C	494_C	False	0	0	0
hsp65	hsp65	494_T	528850	528850	nt	snp	Forward	T	494_T	False	0	0	0
hsp65	hsp65	497_T	528853	528853	nt	snp	Forward	T	497_T	False	0	0	0
hsp65	hsp65	497_C	528853	528853	nt	snp	Forward	C	497_C	False	0	0	0
hsp65	hsp65	503_T	528859	528859	nt	snp	Forward	T	503_T	False	0	0	0
hsp65	hsp65	503_G	528859	528859	nt	snp	Forward	G	503_G	False	0	0	0
hsp65	hsp65	503_C	528859	528859	nt	snp	Forward	C	503_C	False	0	0	0
hsp65	hsp65	506_C	528862	528862	nt	snp	Forward	C	506_C	False	0	0	0
hsp65	hsp65	506_T	528862	528862	nt	snp	Forward	T	506_T	False	0	0	0
hsp65	hsp65	515_T	528871	528871	nt	snp	Forward	T	515_T	False	0	0	0
hsp65	hsp65	515_C	528871	528871	nt	snp	Forward	C	515_C	False	0	0	0
hsp65	hsp65	518_T	528874	528874	nt	snp	Forward	T	518_T	False	0	0	0
hsp65	hsp65	518_C	528874	528874	nt	snp	Forward	C	518_C	False	0	0	0
hsp65	hsp65	518_G	528874	528874	nt	snp	Forward	G	518_G	False	0	0	0
hsp65	hsp65	521_C	528877	528877	nt	snp	Forward	C	521_C	False	0	0	0
hsp65	hsp65	521_G	528877	528877	nt	snp	Forward	G	521_G	False	0	0	0
hsp65	hsp65	530_C	528886	528886	nt	snp	Forward	C	530_C	False	0	0	0
hsp65	hsp65	530_T	528886	528886	nt	snp	Forward	T	530_T	False	0	0	0
hsp65	hsp65	530_G	528886	528886	nt	snp	Forward	G	530_G	False	0	0	0
hsp65	hsp65	533_C	528889	528889	nt	snp	Forward	C	533_C	False	0	0	0
hsp65	hsp65	533_T	528889	528889	nt	snp	Forward	T	533_T	False	0	0	0
hsp65	hsp65	533_G	528889	528889	nt	snp	Forward	G	533_G	False	0	0	0
hsp65	hsp65	536_A	528892	528892	nt	snp	Forward	A	536_A	False	0	0	0
hsp65	hsp65	536_T	528892	528892	nt	snp	Forward	T	536_T	False	0	0	0
hsp65	hsp65	536_C	528892	528892	nt	snp	Forward	C	536_C	False	0	0	0
hsp65	hsp65	542_T	528898	528898	nt	snp	Forward	T	542_T	False	0	0	0
hsp65	hsp65	542_C	528898	528898	nt	snp	Forward	C	542_C	False	0	0	0
hsp65	hsp65	542_G	528898	528898	nt	snp	Forward	G	542_G	False	0	0	0
hsp65	hsp65	543_C	528899	528899	nt	snp	Forward	C	543_C	False	0	0	0
hsp65	hsp65	543_T	528899	528899	nt	snp	Forward	T	543_T	False	0	0	0
hsp65	hsp65	548_C	528904	528904	nt	snp	Forward	C	548_C	False	0	0	0
hsp65	hsp65	548_T	528904	528904	nt	snp	Forward	T	548_T	False	0	0	0
hsp65	hsp65	549_A	528905	528905	nt	snp	Forward	A	549_A	False	0	0	0
hsp65	hsp65	549_C	528905	528905	nt	snp	Forward	C	549_C	False	0	0	0
hsp65	hsp65	550_A	528906	528906	nt	snp	Forward	A	550_A	False	0	0	0
hsp65	hsp65	550_G	528906	528906	nt	snp	Forward	G	550_G	False	0	0	0
hsp65	hsp65	551_G	528907	528907	nt	snp	Forward	G	551_G	False	0	0	0
hsp65	hsp65	551_T	528907	528907	nt	snp	Forward	T	551_T	False	0	0	0
hsp65	hsp65	551_C	528907	528907	nt	snp	Forward	C	551_C	False	0	0	0
hsp65	hsp65	554_A	528910	528910	nt	snp	Forward	A	554_A	False	0	0	0
hsp65	hsp65	554_G	528910	528910	nt	snp	Forward	G	554_G	False	0	0	0
hsp65	hsp65	557_G	528913	528913	nt	snp	Forward	G	557_G	False	0	0	0
hsp65	hsp65	557_T	528913	528913	nt	snp	Forward	T	557_T	False	0	0	0
hsp65	hsp65	557_C	528913	528913	nt	snp	Forward	C	557_C	False	0	0	0
hsp65	hsp65	563_T	528919	528919	nt	snp	Forward	T	563_T	False	0	0	0
hsp65	hsp65	563_C	528919	528919	nt	snp	Forward	C	563_C	False	0	0	0
hsp65	hsp65	572_C	528928	528928	nt	snp	Forward	C	572_C	False	0	0	0
hsp65	hsp65	572_T	528928	528928	nt	snp	Forward	T	572_T	False	0	0	0
hsp65	hsp65	572_G	528928	528928	nt	snp	Forward	G	572_G	False	0	0	0
hsp65	hsp65	593_C	528949	528949	nt	snp	Forward	C	593_C	False	0	0	0
hsp65	hsp65	593_T	528949	528949	nt	snp	Forward	T	593_T	False	0	0	0
hsp65	hsp65	596_G	528952	528952	nt	snp	Forward	G	596_G	False	0	0	0
hsp65	hsp65	596_C	528952	528952	nt	snp	Forward	C	596_C	False	0	0	0
hsp65	hsp65	599_G	528955	528955	nt	snp	Forward	G	599_G	False	0	0	0
hsp65	hsp65	599_A	528955	528955	nt	snp	Forward	A	599_A	False	0	0	0
hsp65	hsp65	611_G	528967	528967	nt	snp	Forward	G	611_G	False	0	0	0
hsp65	hsp65	611_A	528967	528967	nt	snp	Forward	A	611_A	False	0	0	0
hsp65	hsp65	617_T	528973	528973	nt	snp	Forward	T	617_T	False	0	0	0
hsp65	hsp65	617_C	528973	528973	nt	snp	Forward	C	617_C	False	0	0	0
hsp65	hsp65	620_C	528976	528976	nt	snp	Forward	C	620_C	False	0	0	0
hsp65	hsp65	620_G	528976	528976	nt	snp	Forward	G	620_G	False	0	0	0
hsp65	hsp65	624_C	528980	528980	nt	snp	Forward	C	624_C	False	0	0	0
hsp65	hsp65	624_G	528980	528980	nt	snp	Forward	G	624_G	False	0	0	0
hsp65	hsp65	624_A	528980	528980	nt	snp	Forward	A	624_A	False	0	0	0
hsp65	hsp65	625_C	528981	528981	nt	snp	Forward	C	625_C	False	0	0	0
hsp65	hsp65	625_A	528981	528981	nt	snp	Forward	A	625_A	False	0	0	0
hsp65	hsp65	626_T	528982	528982	nt	snp	Forward	T	626_T	False	0	0	0
hsp65	hsp65	626_C	528982	528982	nt	snp	Forward	C	626_C	False	0	0	0
hsp65	hsp65	626_G	528982	528982	nt	snp	Forward	G	626_G	False	0	0	0
hsp65	hsp65	627_A	528983	528983	nt	snp	Forward	A	627_A	False	0	0	0
hsp65	hsp65	627_G	528983	528983	nt	snp	Forward	G	627_G	False	0	0	0
hsp65	hsp65	630_T	528986	528986	nt	snp	Forward	T	630_T	False	0	0	0
hsp65	hsp65	630_A	528986	528986	nt	snp	Forward	A	630_A	False	0	0	0
hsp65	hsp65	631_G	528987	528987	nt	snp	Forward	G	631_G	False	0	0	0
hsp65	hsp65	631_C	528987	528987	nt	snp	Forward	C	631_C	False	0	0	0
hsp65	hsp65	632_G	528988	528988	nt	snp	Forward	G	632_G	False	0	0	0
hsp65	hsp65	632_C	528988	528988	nt	snp	Forward	C	632_C	False	0	0	0
hsp65	hsp65	633_A	528989	528989	nt	snp	Forward	A	633_A	False	0	0	0
hsp65	hsp65	633_G	528989	528989	nt	snp	Forward	G	633_G	False	0	0	0
hsp65	hsp65	634_G	528990	528990	nt	snp	Forward	G	634_G	False	0	0	0
hsp65	hsp65	634_A	528990	528990	nt	snp	Forward	A	634_A	False	0	0	0
hsp65	hsp65	635_C	528991	528991	nt	snp	Forward	C	635_C	False	0	0	0
hsp65	hsp65	635_G	528991	528991	nt	snp	Forward	G	635_G	False	0	0	0
hsp65	hsp65	636_G	528992	528992	nt	snp	Forward	G	636_G	False	0	0	0
hsp65	hsp65	636_T	528992	528992	nt	snp	Forward	T	636_T	False	0	0	0
hsp65	hsp65	636_A	528992	528992	nt	snp	Forward	A	636_A	False	0	0	0
hsp65	hsp65	637_G	528993	528993	nt	snp	Forward	G	637_G	False	0	0	0
hsp65	hsp65	637_A	528993	528993	nt	snp	Forward	A	637_A	False	0	0	0
hsp65	hsp65	637_C	528993	528993	nt	snp	Forward	C	637_C	False	0	0	0
hsp65	hsp65	638_T	528994	528994	nt	snp	Forward	T	638_T	False	0	0	0
hsp65	hsp65	638_G	528994	528994	nt	snp	Forward	G	638_G	False	0	0	0
hsp65	hsp65	638_C	528994	528994	nt	snp	Forward	C	638_C	False	0	0	0
hsp65	hsp65	641_C	528997	528997	nt	snp	Forward	C	641_C	False	0	0	0
hsp65	hsp65	641_G	528997	528997	nt	snp	Forward	G	641_G	False	0	0	0
hsp65	hsp65	644_G	529000	529000	nt	snp	Forward	G	644_G	False	0	0	0
hsp65	hsp65	644_C	529000	529000	nt	snp	Forward	C	644_C	False	0	0	0
hsp65	hsp65	645_G	529001	529001	nt	snp	Forward	G	645_G	False	0	0	0
hsp65	hsp65	645_A	529001	529001	nt	snp	Forward	A	645_A	False	0	0	0
hsp65	hsp65	646_C	529002	529002	nt	snp	Forward	C	646_C	False	0	0	0
hsp65	hsp65	646_A	529002	529002	nt	snp	Forward	A	646_A	False	0	0	0
hsp65	hsp65	647_T	529003	529003	nt	snp	Forward	T	647_T	False	0	0	0
hsp65	hsp65	647_C	529003	529003	nt	snp	Forward	C	647_C	False	0	0	0
hsp65	hsp65	647_G	529003	529003	nt	snp	Forward	G	647_G	False	0	0	0
hsp65	hsp65	648_A	529004	529004	nt	snp	Forward	A	648_A	False	0	0	0
hsp65	hsp65	648_T	529004	529004	nt	snp	Forward	T	648_T	False	0	0	0
hsp65	hsp65	648_G	529004	529004	nt	snp	Forward	G	648_G	False	0	0	0
hsp65	hsp65	649_C	529005	529005	nt	snp	Forward	C	649_C	False	0	0	0
hsp65	hsp65	649_G	529005	529005	nt	snp	Forward	G	649_G	False	0	0	0
hsp65	hsp65	650_G	529006	529006	nt	snp	Forward	G	650_G	False	0	0	0
hsp65	hsp65	650_C	529006	529006	nt	snp	Forward	C	650_C	False	0	0	0
hsp65	hsp65	659_A	529015	529015	nt	snp	Forward	A	659_A	False	0	0	0
hsp65	hsp65	659_G	529015	529015	nt	snp	Forward	G	659_G	False	0	0	0
hsp65	hsp65	660_A	529016	529016	nt	snp	Forward	A	660_A	False	0	0	0
hsp65	hsp65	660_G	529016	529016	nt	snp	Forward	G	660_G	False	0	0	0
hsp65	hsp65	662_T	529018	529018	nt	snp	Forward	T	662_T	False	0	0	0
hsp65	hsp65	662_G	529018	529018	nt	snp	Forward	G	662_G	False	0	0	0
hsp65	hsp65	662_C	529018	529018	nt	snp	Forward	C	662_C	False	0	0	0
hsp65	hsp65	665_T	529021	529021	nt	snp	Forward	T	665_T	False	0	0	0
hsp65	hsp65	665_C	529021	529021	nt	snp	Forward	C	665_C	False	0	0	0
hsp65	hsp65	665_G	529021	529021	nt	snp	Forward	G	665_G	False	0	0	0
hsp65	hsp65	680_C	529036	529036	nt	snp	Forward	C	680_C	False	0	0	0
hsp65	hsp65	680_T	529036	529036	nt	snp	Forward	T	680_T	False	0	0	0
hsp65	hsp65	683_C	529039	529039	nt	snp	Forward	C	683_C	False	0	0	0
hsp65	hsp65	683_T	529039	529039	nt	snp	Forward	T	683_T	False	0	0	0
hsp65	hsp65	683_G	529039	529039	nt	snp	Forward	G	683_G	False	0	0	0
hsp65	hsp65	686_T	529042	529042	nt	snp	Forward	T	686_T	False	0	0	0
hsp65	hsp65	686_C	529042	529042	nt	snp	Forward	C	686_C	False	0	0	0
hsp65	hsp65	689_G	529045	529045	nt	snp	Forward	G	689_G	False	0	0	0
hsp65	hsp65	689_C	529045	529045	nt	snp	Forward	C	689_C	False	0	0	0
hsp65	hsp65	692_T	529048	529048	nt	snp	Forward	T	692_T	False	0	0	0
hsp65	hsp65	692_G	529048	529048	nt	snp	Forward	G	692_G	False	0	0	0
hsp65	hsp65	692_C	529048	529048	nt	snp	Forward	C	692_C	False	0	0	0
hsp65	hsp65	692_A	529048	529048	nt	snp	Forward	A	692_A	False	0	0	0
hsp65	hsp65	694_G	529050	529050	nt	snp	Forward	G	694_G	False	0	0	0
hsp65	hsp65	694_C	529050	529050	nt	snp	Forward	C	694_C	False	0	0	0
hsp65	hsp65	695_C	529051	529051	nt	snp	Forward	C	695_C	False	0	0	0
hsp65	hsp65	695_T	529051	529051	nt	snp	Forward	T	695_T	False	0	0	0
hsp65	hsp65	695_G	529051	529051	nt	snp	Forward	G	695_G	False	0	0	0
hsp65	hsp65	698_C	529054	529054	nt	snp	Forward	C	698_C	False	0	0	0
hsp65	hsp65	698_T	529054	529054	nt	snp	Forward	T	698_T	False	0	0	0
hsp65	hsp65	701_T	529057	529057	nt	snp	Forward	T	701_T	False	0	0	0
hsp65	hsp65	701_C	529057	529057	nt	snp	Forward	C	701_C	False	0	0	0
hsp65	hsp65	701_G	529057	529057	nt	snp	Forward	G	701_G	False	0	0	0
hsp65	hsp65	704_T	529060	529060	nt	snp	Forward	T	704_T	False	0	0	0
hsp65	hsp65	704_C	529060	529060	nt	snp	Forward	C	704_C	False	0	0	0
hsp65	hsp65	704_G	529060	529060	nt	snp	Forward	G	704_G	False	0	0	0
hsp65	hsp65	707_A	529063	529063	nt	snp	Forward	A	707_A	False	0	0	0
hsp65	hsp65	707_C	529063	529063	nt	snp	Forward	C	707_C	False	0	0	0
hsp65	hsp65	707_T	529063	529063	nt	snp	Forward	T	707_T	False	0	0	0
hsp65	hsp65	711_A	529067	529067	nt	snp	Forward	A	711_A	False	0	0	0
hsp65	hsp65	711_C	529067	529067	nt	snp	Forward	C	711_C	False	0	0	0
hsp65	hsp65	712_C	529068	529068	nt	snp	Forward	C	712_C	False	0	0	0
hsp65	hsp65	712_A	529068	529068	nt	snp	Forward	A	712_A	False	0	0	0
hsp65	hsp65	713_C	529069	529069	nt	snp	Forward	C	713_C	False	0	0	0
hsp65	hsp65	713_G	529069	529069	nt	snp	Forward	G	713_G	False	0	0	0
hsp65	hsp65	714_A	529070	529070	nt	snp	Forward	A	714_A	False	0	0	0
hsp65	hsp65	714_T	529070	529070	nt	snp	Forward	T	714_T	False	0	0	0
hsp65	hsp65	722_C	529078	529078	nt	snp	Forward	C	722_C	False	0	0	0
hsp65	hsp65	722_T	529078	529078	nt	snp	Forward	T	722_T	False	0	0	0
hsp65	hsp65	725_T	529081	529081	nt	snp	Forward	T	725_T	False	0	0	0
hsp65	hsp65	725_C	529081	529081	nt	snp	Forward	C	725_C	False	0	0	0
hsp65	hsp65	740_C	529096	529096	nt	snp	Forward	C	740_C	False	0	0	0
hsp65	hsp65	740_G	529096	529096	nt	snp	Forward	G	740_G	False	0	0	0
hsp65	hsp65	752_T	529108	529108	nt	snp	Forward	T	752_T	False	0	0	0
hsp65	hsp65	752_C	529108	529108	nt	snp	Forward	C	752_C	False	0	0	0
hsp65	hsp65	752_G	529108	529108	nt	snp	Forward	G	752_G	False	0	0	0
hsp65	hsp65	764_T	529120	529120	nt	snp	Forward	T	764_T	False	0	0	0
hsp65	hsp65	764_C	529120	529120	nt	snp	Forward	C	764_C	False	0	0	0
hsp65	hsp65	783_A	529139	529139	nt	snp	Forward	A	783_A	False	0	0	0
hsp65	hsp65	783_T	529139	529139	nt	snp	Forward	T	783_T	False	0	0	0
hsp65	hsp65	784_G	529140	529140	nt	snp	Forward	G	784_G	False	0	0	0
hsp65	hsp65	784_C	529140	529140	nt	snp	Forward	C	784_C	False	0	0	0
hsp65	hsp65	794_C	529150	529150	nt	snp	Forward	C	794_C	False	0	0	0
hsp65	hsp65	794_T	529150	529150	nt	snp	Forward	T	794_T	False	0	0	0
hsp65	hsp65	797_C	529153	529153	nt	snp	Forward	C	797_C	False	0	0	0
hsp65	hsp65	797_G	529153	529153	nt	snp	Forward	G	797_G	False	0	0	0
hsp65	hsp65	806_G	529162	529162	nt	snp	Forward	G	806_G	False	0	0	0
hsp65	hsp65	806_C	529162	529162	nt	snp	Forward	C	806_C	False	0	0	0
